order,query,identity,coverage,PLASMe,overlap
Enterobacterales,NODE_114_length_17631_cov_8.640533,0.73469,0.06392150190006239,7.470083801308647e-05,overlap regions: 5989-7095 
Enterobacterales,NODE_228_length_13693_cov_8.709195,1.0,0.002117870444752793,3.142198329442181e-05,overlap regions: 8127-8138 8110-8126 
Enterobacterales,NODE_394_length_11029_cov_37.102424,1.0,0.002538761447094025,0.0031318049877882004,overlap regions: 8487-8514 
Enterobacterales,NODE_20143_length_1554_cov_3.549033,0.77119,0.15186615186615188,0.012141483835875988,overlap regions: 
Enterobacterales,NODE_36150_length_1184_cov_2.319752,0.73724,0.5625,-1,overlap regions: 523-1176 
Enterobacterales,NODE_1177_length_6441_cov_44.160507,0.92683,0.006365471200124205,-1,overlap regions: 
Enterobacterales,NODE_34569_length_1208_cov_1.696444,0.9090900000000001,0.06374172185430464,-1,overlap regions: 440-516 
Enterobacterales,NODE_1835_length_5052_cov_40.271163,1.0,0.006334125098970704,-1,overlap regions: 
Enterobacterales,NODE_12588_length_1927_cov_7.595085,0.91549,0.03684483653347172,-1,overlap regions: 1848-1911 
Enterobacterales,NODE_1975_length_4864_cov_38.486380,1.0,0.007401315789473684,-1,overlap regions: 
Enterobacterales,NODE_39410_length_1137_cov_1.755083,1.0,0.027264731750219876,-1,overlap regions: 1076-1106 
Enterobacterales,NODE_14687_length_1794_cov_3.108108,0.7445099999999999,0.2028985507246377,-1,overlap regions: 
Enterobacterales,NODE_38319_length_1152_cov_2.668186,0.96,0.043402777777777776,-1,overlap regions: 972-1021 
Enterobacterales,NODE_3247_length_3718_cov_6.496041,0.76062,0.06966110812264659,-1,overlap regions: 2716-2970 
Enterobacterales,NODE_3948_length_3351_cov_5.371056,0.73213,0.5971351835273053,-1,overlap regions: 2255-3018 1051-2254 
Enterobacterales,NODE_3962_length_3347_cov_5.285844,0.7922100000000001,0.023005676725425753,-1,overlap regions: 1423-1485 1409-1422 
Enterobacterales,NODE_4234_length_3231_cov_6.403023,0.8904099999999999,0.022593624264933457,-1,overlap regions: 29-99 27-28 
Enterobacterales,NODE_4396_length_3166_cov_3.768242,0.9090900000000001,0.013897662665824383,-1,overlap regions: 1619-1661 
Enterobacterales,NODE_44501_length_1075_cov_1.347059,0.86885,0.05674418604651163,-1,overlap regions: 
Enterobacterales,NODE_5338_length_2880_cov_5.752566,0.7225,0.4166666666666667,-1,overlap regions: 1240-1624 447-1239 
Enterobacterales,NODE_12767_length_1914_cov_4.243141,0.97297,0.019331243469174503,-1,overlap regions: 1296-1316 1280-1295 
Enterobacterales,NODE_46941_length_1049_cov_2.907445,0.77236,0.11725452812202097,-1,overlap regions: 
Enterobacterales,NODE_17461_length_1657_cov_9.028090,0.74483,0.17501508750754374,-1,overlap regions: 559-846 
Enterobacterales,NODE_14053_length_1832_cov_2.888014,0.7931,0.06331877729257641,-1,overlap regions: 814-927 
Enterobacterales,NODE_10288_length_2114_cov_2.055852,0.94828,0.027436140018921477,-1,overlap regions: 1336-1361 1304-1335 
Lactobacillales,NODE_17553_length_1654_cov_2.870544,0.8793099999999999,0.03506650544135429,-1,overlap regions: 433-490 
Lactobacillales,NODE_7410_length_2472_cov_2.899876,0.975,0.016181229773462782,-1,overlap regions: 
Bacillales,NODE_5432_length_2855_cov_5.889286,0.9230800000000001,0.027320490367775833,0.2729019224643707,overlap regions: 1794-1856 1779-1793 
Bacillales,NODE_13339_length_1875_cov_3.524176,0.9069799999999999,0.022933333333333333,0.015472623519599438,overlap regions: 
Bacillales,NODE_21357_length_1514_cov_2.366004,0.7491599999999999,0.987450462351387,-1,overlap regions: 29-1465 
Bacillales,NODE_35186_length_1198_cov_2.151356,0.95833,0.04006677796327212,-1,overlap regions: 334-342 295-333 
Bacillales,NODE_2683_length_4111_cov_3.788215,0.9342100000000001,0.018486986134760398,-1,overlap regions: 177-252 
Bacillales,NODE_18980_length_1597_cov_3.543450,0.89091,0.034439574201628055,-1,overlap regions: 26-53 0-25 
Bacillales,NODE_16024_length_1723_cov_3.961631,0.9782599999999999,0.026697620429483458,-1,overlap regions: 1706-1714 1669-1705 
Bacillales,NODE_44949_length_1069_cov_4.422091,1.0,0.026192703461178673,-1,overlap regions: 221-248 
Bacillales,NODE_7701_length_2428_cov_2.809524,0.88889,0.025947281713344317,-1,overlap regions: 1394-1414 1352-1393 
Bacillales,NODE_36680_length_1175_cov_5.319643,0.8368000000000001,0.8604255319148936,-1,overlap regions: 1057-1178 171-1056 
Bacillales,NODE_21738_length_1501_cov_3.188105,0.91026,0.0519653564290473,-1,overlap regions: 902-979 
Pseudomonadales,NODE_395_length_11029_cov_8.362949,0.77793,0.06491975700426149,6.190245039761066e-05,overlap regions: 2156-2243 1536-2155 
Pseudomonadales,NODE_425_length_10671_cov_16.379898,1.0,0.002905069815387499,0.062334440648555756,overlap regions: 7016-7046 
Pseudomonadales,NODE_42602_length_1096_cov_3.982709,0.92754,0.06295620437956205,0.9758879542350769,overlap regions: 303-370 
Pseudomonadales,NODE_14210_length_1823_cov_3.017534,0.79392,0.5589687328579265,0.00714482506737113,overlap regions: 707-1708 
Pseudomonadales,NODE_30058_length_1288_cov_2.699919,0.77059,0.13198757763975155,0.010329317301511765,overlap regions: 45-208 
Pseudomonadales,NODE_40725_length_1119_cov_3.094925,0.77027,0.1322609472743521,-1,overlap regions: 539-685 
Pseudomonadales,NODE_33422_length_1226_cov_2.789923,0.9,0.057096247960848286,-1,overlap regions: 
Pseudomonadales,NODE_36502_length_1178_cov_3.292965,0.74521,0.6196943972835314,-1,overlap regions: 591-1154 442-590 
Pseudomonadales,NODE_11837_length_1982_cov_3.923197,1.0,0.014127144298688193,-1,overlap regions: 
Pseudomonadales,NODE_47226_length_1046_cov_2.828456,0.9111100000000001,0.043021032504780114,-1,overlap regions: 
Pseudomonadales,NODE_3825_length_3414_cov_6.347425,0.8875,0.023432923257176334,-1,overlap regions: 
Pseudomonadales,NODE_30949_length_1271_cov_4.033717,0.8058299999999999,0.08103855232100708,-1,overlap regions: 215-317 
Pseudomonadales,NODE_17391_length_1660_cov_4.771340,0.83721,0.07771084337349397,-1,overlap regions: 965-1090 
Pseudomonadales,NODE_41503_length_1110_cov_1.969668,0.93182,0.03963963963963964,-1,overlap regions: 235-256 213-234 
Pseudomonadales,NODE_6579_length_2614_cov_4.630715,1.0,0.010711553175210406,-1,overlap regions: 
Pseudomonadales,NODE_19977_length_1560_cov_2.214618,0.8137300000000001,0.06538461538461539,-1,overlap regions: 1213-1313 
Rhodobacterales,NODE_3_length_40103_cov_8.598831,0.7434000000000001,0.013215968880133655,0.00048554979730397463,overlap regions: 876-1389 
Rhodobacterales,NODE_35107_length_1199_cov_3.569056,0.8099200000000001,0.10091743119266056,0.004720692057162523,overlap regions: 941-1035 916-940 
Rhodobacterales,NODE_51_length_21726_cov_8.503622,0.72222,0.03148301574150787,0.0004709720960818231,overlap regions: 10985-11651 
Rhodobacterales,NODE_362_length_11381_cov_6.989052,0.7275499999999999,0.028380634390651086,0.000502469134517014,overlap regions: 
Rhodobacterales,NODE_27972_length_1333_cov_3.324726,0.8131499999999999,0.21680420105026257,0.009919816628098488,overlap regions: 
Rhodobacterales,NODE_497_length_9929_cov_9.601580,0.80597,0.013495820324302549,0.0004784440970979631,overlap regions: 236-279 153-235 
Rhodobacterales,NODE_51092_length_1009_cov_1.590147,0.74126,0.7086223984142715,0.002749600913375616,overlap regions: 
Rhodobacterales,NODE_734_length_8224_cov_6.132574,0.74946,0.055812256809338524,0.00042775494512170553,overlap regions: 4138-4586 
Rhodobacterales,NODE_18347_length_1622_cov_6.251436,0.8846200000000001,0.7854500616522812,0.40541499853134155,overlap regions: 0-1271 
Rhodobacterales,NODE_36917_length_1172_cov_3.901522,0.73237,0.4112627986348123,0.05342721939086914,overlap regions: 
Rhodobacterales,NODE_11917_length_1975_cov_12.345833,0.74,0.45569620253164556,0.006719398312270641,overlap regions: 
Rhodobacterales,NODE_21344_length_1514_cov_3.763537,0.97059,0.022457067371202115,0.0023092334158718586,overlap regions: 
Rhodobacterales,NODE_20788_length_1532_cov_3.680433,0.7935899999999999,0.5091383812010444,0.022140061482787132,overlap regions: 969-1381 617-968 
Rhodobacterales,NODE_28683_length_1317_cov_3.058637,0.77243,0.9141989369779803,0.04230659827589989,overlap regions: 843-1241 
Rhodobacterales,NODE_25470_length_1393_cov_3.275785,0.82759,0.208183776022972,0.004466700367629528,overlap regions: 1134-1389 1103-1133 
Rhodobacterales,NODE_11642_length_1997_cov_3.832132,0.87225,0.11367050575863796,0.0009286317508667707,overlap regions: 4-230 
Rhodobacterales,NODE_49159_length_1026_cov_15.636457,0.85897,0.07602339181286549,0.1977890580892563,overlap regions: 
Rhodobacterales,NODE_38398_length_1151_cov_2.499088,0.79118,0.5907906168549087,0.016720687970519066,overlap regions: 476-1145 
Rhodobacterales,NODE_30396_length_1282_cov_2.281174,0.7903199999999999,0.53198127925117,0.2927161157131195,overlap regions: 
Rhodobacterales,NODE_10514_length_2092_cov_4.062838,0.7192000000000001,0.4306883365200765,0.0003554352151695639,overlap regions: 
Rhodobacterales,NODE_20262_length_1550_cov_2.957860,0.7177800000000001,0.2903225806451613,0.0024626567028462887,overlap regions: 
Rhodobacterales,NODE_32707_length_1239_cov_2.097973,0.8913,0.03712671509281679,0.6971955299377441,overlap regions: 922-955 913-921 
Rhodobacterales,NODE_11724_length_1991_cov_3.827479,0.81289,0.40532395781014563,0.15303635597229004,overlap regions: 1187-1955 
Rhodobacterales,NODE_16398_length_1705_cov_4.879394,0.7862300000000001,0.16187683284457477,0.0010183544363826513,overlap regions: 443-715 
Rhodobacterales,NODE_36503_length_1178_cov_3.287622,0.7378199999999999,0.36587436332767403,0.012683553621172905,overlap regions: 642-1068 
Rhodobacterales,NODE_3251_length_3713_cov_3.355659,0.89091,0.014812819822246161,0.0014155316166579723,overlap regions: 0-54 
Rhodobacterales,NODE_51479_length_1005_cov_2.924211,0.77914,0.16218905472636816,0.862295389175415,overlap regions: 
Rhodobacterales,NODE_15408_length_1754_cov_2.485580,0.83178,0.3660205245153934,0.9796600937843323,overlap regions: 
Rhodobacterales,NODE_4064_length_3302_cov_17.820758,0.78723,0.14233797698364628,0.002362049650400877,overlap regions: 
Rhodobacterales,NODE_27997_length_1333_cov_1.978091,0.80286,0.9969992498124531,0.051700983196496964,overlap regions: 374-944 320-373 
Rhodobacterales,NODE_11964_length_1973_cov_2.941084,0.89744,0.039533705017739486,0.05678696185350418,overlap regions: 
Rhodobacterales,NODE_41832_length_1106_cov_2.272122,0.9120900000000001,0.08227848101265822,0.8838546872138977,overlap regions: 1012-1102 
Rhodobacterales,NODE_4513_length_3127_cov_13.189779,0.74799,0.3984649824112568,0.0005686444346792996,overlap regions: 
Rhodobacterales,NODE_33021_length_1233_cov_3.224958,0.83465,0.4120032441200324,0.051483262330293655,overlap regions: 57-511 5-56 
Rhodobacterales,NODE_13631_length_1857_cov_7.003330,0.7729900000000001,0.18739903069466882,0.009228019043803215,overlap regions: 
Rhodobacterales,NODE_31248_length_1266_cov_3.605285,0.7948099999999999,0.334913112164297,0.8302947878837585,overlap regions: 870-1261 842-869 
Rhodobacterales,NODE_23742_length_1440_cov_2.360289,0.8308199999999999,0.41458333333333336,0.06657757610082626,overlap regions: 328-594 0-327 
Rhodobacterales,NODE_48948_length_1029_cov_1.855236,0.74658,0.42565597667638483,0.05060571804642677,overlap regions: 
Rhodobacterales,NODE_13506_length_1865_cov_2.737017,0.78061,0.6525469168900804,0.004305542912334204,overlap regions: 
Rhodobacterales,NODE_11053_length_2045_cov_2.462814,0.71513,0.4136919315403423,0.0036444903817027807,overlap regions: 338-1157 
Rhodobacterales,NODE_27490_length_1343_cov_2.705745,0.7365999999999999,0.9583023082650782,0.9988440275192261,overlap regions: 
Rhodobacterales,NODE_18076_length_1633_cov_2.371990,0.72123,0.37783221065523576,0.01815750077366829,overlap regions: 
Rhodobacterales,NODE_10026_length_2142_cov_2.759463,0.78834,0.30438842203548083,0.003006627783179283,overlap regions: 
Rhodobacterales,NODE_35798_length_1189_cov_2.291005,0.7515900000000001,0.2640874684608915,0.025193482637405396,overlap regions: 557-864 
Rhodobacterales,NODE_44237_length_1078_cov_1.344086,0.85246,0.05658627087198516,0.009119033813476562,overlap regions: 
Rhodobacterales,NODE_39250_length_1139_cov_2.367159,0.75534,0.8217734855136084,0.10368451476097107,overlap regions: 
Rhodobacterales,NODE_15273_length_1762_cov_2.451670,0.82116,0.22531214528944382,0.1327567845582962,overlap regions: 11-404 
Rhodobacterales,NODE_29487_length_1299_cov_24.745177,0.74622,1.0192455735180908,0.01048263069242239,overlap regions: 0-1288 
Rhodobacterales,NODE_24205_length_1427_cov_2.814140,0.82418,0.06377014716187807,0.6483325958251953,overlap regions: 
Rhodobacterales,NODE_38255_length_1153_cov_2.894353,0.77996,0.9262792714657415,0.021790163591504097,overlap regions: 300-1100 191-299 
Rhodobacterales,NODE_22102_length_1490_cov_2.990941,1.0,0.01879194630872483,0.0017248104559257627,overlap regions: 
Rhodobacterales,NODE_7084_length_2526_cov_3.121813,0.7417,0.32185273159144895,0.01097351498901844,overlap regions: 
Rhodobacterales,NODE_43442_length_1086_cov_3.554801,0.7630500000000001,0.9171270718232044,0.6425454020500183,overlap regions: 
Rhodobacterales,NODE_23915_length_1435_cov_2.361594,0.77494,0.8731707317073171,0.6501070857048035,overlap regions: 
Rhodobacterales,NODE_39116_length_1141_cov_1.870166,0.7878799999999999,0.1446099912357581,0.12141792476177216,overlap regions: 153-317 
Rhodobacterales,NODE_46949_length_1049_cov_2.752515,0.78337,0.49285033365109626,0.007010636851191521,overlap regions: 
Rhodobacterales,NODE_7775_length_2416_cov_4.476493,0.7514799999999999,0.06995033112582781,0.001090401317924261,overlap regions: 
Rhodobacterales,NODE_36845_length_1173_cov_3.232558,0.77878,0.8516624040920716,0.03062864951789379,overlap regions: 388-1041 63-387 
Rhodobacterales,NODE_17832_length_1642_cov_3.339635,0.85969,0.2387332521315469,0.6438227891921997,overlap regions: 1203-1592 
Rhodobacterales,NODE_22089_length_1490_cov_4.174216,0.8176300000000001,0.8906040268456376,0.8785987496376038,overlap regions: 4-1323 
Rhodobacterales,NODE_30151_length_1286_cov_3.469537,0.79755,0.380248833592535,0.10711690038442612,overlap regions: 
Rhodobacterales,NODE_10699_length_2076_cov_4.594755,0.83573,0.703757225433526,0.02941136807203293,overlap regions: 
Rhodobacterales,NODE_9633_length_2183_cov_3.699248,0.7456699999999999,0.5025194686211636,0.0005360663053579628,overlap regions: 0-1077 
Rhodobacterales,NODE_9842_length_2159_cov_26.833175,0.75532,1.0222325150532654,0.02723604068160057,overlap regions: 
Rhodobacterales,NODE_11995_length_1969_cov_25.872518,0.7574200000000001,0.49619095987811074,0.03024626336991787,overlap regions: 
Rhodobacterales,NODE_10786_length_2068_cov_3.175360,0.71528,0.5570599613152805,-1,overlap regions: 
Rhodobacterales,NODE_15219_length_1764_cov_3.847279,0.71667,0.3741496598639456,-1,overlap regions: 
Rhodobacterales,NODE_10734_length_2073_cov_3.590684,0.7774800000000001,0.1799324650265316,-1,overlap regions: 1532-1903 
Rhodobacterales,NODE_20166_length_1553_cov_3.891188,0.85507,0.044430135222150675,-1,overlap regions: 
Rhodobacterales,NODE_10228_length_2120_cov_27.011622,0.7364499999999999,0.565566037735849,-1,overlap regions: 1380-1802 634-1379 
Rhodobacterales,NODE_20401_length_1545_cov_3.122819,1.0,0.02394822006472492,-1,overlap regions: 
Rhodobacterales,NODE_17749_length_1646_cov_3.009428,0.97143,0.0212636695018226,-1,overlap regions: 
Rhodobacterales,NODE_581_length_9134_cov_4.586078,0.75345,0.05550689730676593,-1,overlap regions: 3896-4386 
Rhodobacterales,NODE_34511_length_1208_cov_6.964441,0.8254600000000001,0.4031456953642384,-1,overlap regions: 726-1193 
Rhodobacterales,NODE_783_length_7940_cov_8.963729,0.7198300000000001,0.058438287153652395,-1,overlap regions: 
Rhodobacterales,NODE_924_length_7304_cov_14.844116,0.78358,0.018346111719605696,-1,overlap regions: 
Rhodobacterales,NODE_986_length_7040_cov_7.048962,0.89362,0.006676136363636363,-1,overlap regions: 5757-5773 5727-5756 
Rhodobacterales,NODE_44214_length_1078_cov_2.069404,0.76991,0.10482374768089053,-1,overlap regions: 884-994 
Rhodobacterales,NODE_33058_length_1233_cov_2.023769,0.7735500000000001,0.981346309813463,-1,overlap regions: 1158-1231 30-1157 
Rhodobacterales,NODE_37725_length_1160_cov_4.842534,0.76357,0.22241379310344828,-1,overlap regions: 
Rhodobacterales,NODE_1437_length_5791_cov_9.785042,0.74675,0.10637195648419961,-1,overlap regions: 2777-3346 2745-2776 
Rhodobacterales,NODE_32937_length_1235_cov_1.786441,0.97222,0.029149797570850202,-1,overlap regions: 935-963 928-934 
Rhodobacterales,NODE_50613_length_1013_cov_3.044885,1.0,0.028627838104639685,-1,overlap regions: 606-618 590-605 
Rhodobacterales,NODE_38941_length_1143_cov_2.315257,0.74824,0.9938757655293088,-1,overlap regions: 
Rhodobacterales,NODE_1824_length_5068_cov_17.645522,0.9245300000000001,0.010457774269928966,-1,overlap regions: 
Rhodobacterales,NODE_50824_length_1011_cov_2.335774,0.9347799999999999,0.04549950544015826,-1,overlap regions: 
Rhodobacterales,NODE_25515_length_1392_cov_2.553478,0.8174899999999999,0.8541666666666666,-1,overlap regions: 1067-1379 199-1066 
Rhodobacterales,NODE_10538_length_2090_cov_2.885504,0.9,0.03349282296650718,-1,overlap regions: 390-393 324-389 
Rhodobacterales,NODE_30802_length_1274_cov_4.785070,0.90141,0.05572998430141287,-1,overlap regions: 
Rhodobacterales,NODE_20532_length_1540_cov_3.385185,0.8269199999999999,0.574025974025974,-1,overlap regions: 177-1055 
Rhodobacterales,NODE_18892_length_1600_cov_31.134628,0.7448699999999999,0.274375,-1,overlap regions: 
Rhodobacterales,NODE_26970_length_1355_cov_4.899231,0.83065,0.8715867158671586,-1,overlap regions: 
Rhodobacterales,NODE_26575_length_1365_cov_2.917557,0.77578,0.16336996336996337,-1,overlap regions: 627-744 526-626 
Rhodobacterales,NODE_28854_length_1313_cov_2.616852,0.78199,0.6428027418126429,-1,overlap regions: 531-1306 473-530 
Rhodobacterales,NODE_29930_length_1291_cov_1.867314,0.76444,0.52285050348567,-1,overlap regions: 292-956 
Rhodobacterales,NODE_40961_length_1116_cov_4.474081,0.70943,0.9220430107526881,-1,overlap regions: 183-1012 0-182 
Rhodobacterales,NODE_2888_length_3957_cov_7.200666,0.78869,0.25473843821076575,-1,overlap regions: 
Rhodobacterales,NODE_19566_length_1575_cov_3.692105,0.7740600000000001,0.15174603174603174,-1,overlap regions: 447-683 
Rhodobacterales,NODE_51986_length_1001_cov_1.397463,0.97059,0.03396603396603397,-1,overlap regions: 
Rhodobacterales,NODE_42601_length_1096_cov_4.002882,0.84615,0.05930656934306569,-1,overlap regions: 131-195 
Rhodobacterales,NODE_24613_length_1415_cov_7.291176,0.84933,0.5816254416961131,-1,overlap regions: 1-817 
Rhodobacterales,NODE_19628_length_1572_cov_24.419249,0.78278,0.8053435114503816,-1,overlap regions: 675-1532 288-674 
Rhodobacterales,NODE_41453_length_1110_cov_2.999052,0.77807,0.345045045045045,-1,overlap regions: 231-607 
Rhodobacterales,NODE_3214_length_3738_cov_12.443389,0.7993600000000001,0.24933119315141786,-1,overlap regions: 510-1433 
Rhodobacterales,NODE_3248_length_3717_cov_4.475696,0.88235,0.018294323379069142,-1,overlap regions: 
Rhodobacterales,NODE_15721_length_1737_cov_4.121284,0.75078,0.1848013816925734,-1,overlap regions: 1289-1607 
Rhodobacterales,NODE_11042_length_2045_cov_27.067337,0.82667,0.03667481662591687,-1,overlap regions: 
Rhodobacterales,NODE_11137_length_2037_cov_20.057013,0.87638,0.2660775650466372,-1,overlap regions: 1498-2035 
Rhodobacterales,NODE_47174_length_1047_cov_1.652218,0.81612,0.7583572110792741,-1,overlap regions: 
Rhodobacterales,NODE_15307_length_1759_cov_4.593897,0.8486400000000001,0.22910744741330302,-1,overlap regions: 
Rhodobacterales,NODE_35052_length_1200_cov_3.604367,0.7819499999999999,0.11083333333333334,-1,overlap regions: 
Rhodobacterales,NODE_3930_length_3363_cov_2.852479,0.79507,0.5310734463276836,-1,overlap regions: 24-1784 
Rhodobacterales,NODE_12035_length_1967_cov_2.800209,0.93333,0.030503304524656837,-1,overlap regions: 
Rhodobacterales,NODE_52078_length_1000_cov_1.698413,0.79412,0.952,-1,overlap regions: 
Rhodobacterales,NODE_12912_length_1905_cov_3.138919,0.80983,0.49133858267716535,-1,overlap regions: 524-1451 
Rhodobacterales,NODE_23098_length_1459_cov_4.569801,0.8148099999999999,0.055517477724468814,-1,overlap regions: 
Rhodobacterales,NODE_34246_length_1212_cov_3.925670,0.77338,0.22937293729372937,-1,overlap regions: 
Rhodobacterales,NODE_25017_length_1405_cov_5.113333,1.0,0.02491103202846975,-1,overlap regions: 
Rhodobacterales,NODE_33992_length_1216_cov_17.539190,0.7438400000000001,0.3338815789473684,-1,overlap regions: 
Rhodobacterales,NODE_49625_length_1022_cov_4.867632,0.73973,0.35714285714285715,-1,overlap regions: 321-680 
Rhodobacterales,NODE_39834_length_1131_cov_1.977695,0.78571,0.5322723253757736,-1,overlap regions: 486-1077 
Rhodobacterales,NODE_23001_length_1462_cov_3.162047,0.79283,0.7626538987688098,-1,overlap regions: 
Rhodobacterales,NODE_40437_length_1123_cov_2.795880,0.9361700000000001,0.041852181656277826,-1,overlap regions: 15-60 
Rhodobacterales,NODE_32617_length_1241_cov_2.387858,1.0,0.032232070910556,-1,overlap regions: 
Rhodobacterales,NODE_4850_length_3013_cov_23.427992,0.76515,0.3999336209757717,-1,overlap regions: 
Rhodobacterales,NODE_4876_length_3007_cov_3.327236,0.79728,0.562687063518457,-1,overlap regions: 792-2464 
Rhodobacterales,NODE_5041_length_2959_cov_22.991047,0.7764700000000001,0.05745184183845894,-1,overlap regions: 
Rhodobacterales,NODE_39572_length_1134_cov_3.216867,0.80915,1.0026455026455026,-1,overlap regions: 829-1128 0-828 
Rhodobacterales,NODE_5188_length_2919_cov_6.299581,0.81081,0.025351147653305928,-1,overlap regions: 
Rhodobacterales,NODE_25402_length_1395_cov_2.288060,0.75849,0.9706093189964158,-1,overlap regions: 
Rhodobacterales,NODE_5389_length_2867_cov_5.153627,0.7292799999999999,0.3324032089291943,-1,overlap regions: 
Rhodobacterales,NODE_13238_length_1881_cov_4.619387,0.7559600000000001,0.5794790005316321,-1,overlap regions: 
Rhodobacterales,NODE_5539_length_2831_cov_25.694164,0.7813599999999999,0.09855174849876369,-1,overlap regions: 2316-2553 2279-2315 
Rhodobacterales,NODE_15216_length_1764_cov_19.881217,0.8775499999999999,0.027777777777777776,-1,overlap regions: 
Rhodobacterales,NODE_51928_length_1001_cov_2.824524,0.9697,0.03296703296703297,-1,overlap regions: 
Rhodobacterales,NODE_35029_length_1201_cov_1.769634,0.84985,0.5711906744379683,-1,overlap regions: 265-686 4-264 
Rhodobacterales,NODE_37861_length_1159_cov_2.307065,0.76923,0.17946505608283003,-1,overlap regions: 
Rhodobacterales,NODE_5859_length_2759_cov_3.338018,0.77078,0.14389271475172163,-1,overlap regions: 8-398 
Rhodobacterales,NODE_17206_length_1668_cov_4.921265,0.82855,0.9406474820143885,-1,overlap regions: 
Rhodobacterales,NODE_6007_length_2728_cov_23.186682,0.8246800000000001,0.11290322580645161,-1,overlap regions: 2425-2727 
Rhodobacterales,NODE_6054_length_2716_cov_25.588125,0.74861,0.2650957290132548,-1,overlap regions: 947-1646 
Rhodobacterales,NODE_6082_length_2709_cov_9.633007,0.7635599999999999,0.7212993724621631,-1,overlap regions: 217-2135 
Rhodobacterales,NODE_33555_length_1224_cov_2.460222,0.78205,0.12745098039215685,-1,overlap regions: 540-561 408-539 
Rhodobacterales,NODE_6107_length_2703_cov_4.208082,0.75426,0.6082130965593785,-1,overlap regions: 
Rhodobacterales,NODE_36103_length_1184_cov_12.093003,0.87982,0.5692567567567568,-1,overlap regions: 0-659 
Rhodobacterales,NODE_40063_length_1128_cov_2.039143,0.7724,0.9893617021276596,-1,overlap regions: 359-1088 0-358 
Rhodobacterales,NODE_17653_length_1649_cov_5.823714,0.78809,0.9472407519708914,-1,overlap regions: 1383-1664 119-1382 
Rhodobacterales,NODE_16657_length_1694_cov_4.223917,0.77253,0.39964580873671784,-1,overlap regions: 1024-1691 
Rhodobacterales,NODE_6427_length_2644_cov_38.285438,0.69856,0.15809379727685324,-1,overlap regions: 
Rhodobacterales,NODE_20302_length_1549_cov_2.508032,0.83146,0.057456423499031635,-1,overlap regions: 
Rhodobacterales,NODE_22194_length_1487_cov_3.593575,0.8273,0.4088769334229993,-1,overlap regions: 48-648 
Rhodobacterales,NODE_6885_length_2561_cov_2.041500,0.6986,0.36274892620070287,-1,overlap regions: 
Rhodobacterales,NODE_25597_length_1390_cov_2.339326,0.82673,0.2906474820143885,-1,overlap regions: 
Rhodobacterales,NODE_11679_length_1994_cov_3.370294,0.82247,0.36158475426278835,-1,overlap regions: 1272-1988 
Rhodobacterales,NODE_25777_length_1385_cov_2.936090,0.79163,0.8454873646209387,-1,overlap regions: 
Rhodobacterales,NODE_11701_length_1993_cov_2.897833,0.8405800000000001,0.03462117410938284,-1,overlap regions: 
Rhodobacterales,NODE_42364_length_1099_cov_10.053640,0.7354600000000001,0.48498635122838946,-1,overlap regions: 
Rhodobacterales,NODE_7356_length_2480_cov_23.995052,0.775,0.08064516129032258,-1,overlap regions: 1787-1897 1703-1786 
Rhodobacterales,NODE_34340_length_1211_cov_2.370242,0.78996,0.7076796036333609,-1,overlap regions: 89-869 29-88 
Rhodobacterales,NODE_7484_length_2459_cov_3.284526,0.8548399999999999,0.025213501423342822,-1,overlap regions: 
Rhodobacterales,NODE_50651_length_1013_cov_2.118998,0.83333,0.07107601184600197,-1,overlap regions: 
Rhodobacterales,NODE_43784_length_1082_cov_21.218111,0.76821,0.9011090573012939,-1,overlap regions: 
Rhodobacterales,NODE_40043_length_1128_cov_2.660764,0.7854099999999999,0.8262411347517731,-1,overlap regions: 
Rhodobacterales,NODE_31292_length_1265_cov_8.527273,0.9112399999999999,0.4007905138339921,-1,overlap regions: 0-502 
Rhodobacterales,NODE_7886_length_2400_cov_27.129211,0.7306100000000001,0.8275,-1,overlap regions: 264-1419 
Rhodobacterales,NODE_14815_length_1786_cov_4.602542,0.74214,0.08902575587905935,-1,overlap regions: 
Rhodobacterales,NODE_40540_length_1122_cov_2.068416,0.8,0.11140819964349376,-1,overlap regions: 
Rhodobacterales,NODE_22007_length_1492_cov_12.035491,0.70856,0.5013404825737265,-1,overlap regions: 556-726 3-555 
Rhodobacterales,NODE_13864_length_1842_cov_22.734751,0.87302,0.03420195439739414,-1,overlap regions: 
Rhodobacterales,NODE_8112_length_2373_cov_2.615617,0.75701,0.7058575642646439,-1,overlap regions: 0-1630 
Rhodobacterales,NODE_37967_length_1157_cov_3.215971,1.0,0.024200518582541054,-1,overlap regions: 
Rhodobacterales,NODE_27297_length_1347_cov_4.867647,0.8040999999999999,0.3979213066072754,-1,overlap regions: 1036-1337 824-1035 
Rhodobacterales,NODE_34337_length_1211_cov_2.411765,0.93182,0.03633360858794385,-1,overlap regions: 341-358 315-340 
Rhodobacterales,NODE_17579_length_1653_cov_2.931790,0.7734000000000001,0.12280701754385964,-1,overlap regions: 
Rhodobacterales,NODE_37945_length_1158_cov_1.372620,0.82857,0.15112262521588946,-1,overlap regions: 220-227 54-219 
Rhodobacterales,NODE_38723_length_1146_cov_2.699358,1.0,0.028795811518324606,-1,overlap regions: 
Rhodobacterales,NODE_39475_length_1135_cov_12.241667,0.7918600000000001,0.3894273127753304,-1,overlap regions: 
Rhodobacterales,NODE_8642_length_2298_cov_9.122158,0.7042100000000001,0.3825065274151436,-1,overlap regions: 332-1082 220-331 
Rhodobacterales,NODE_33868_length_1219_cov_1.929553,0.84404,0.08941755537325677,-1,overlap regions: 
Rhodobacterales,NODE_8667_length_2295_cov_3.486161,0.78679,0.5211328976034858,-1,overlap regions: 1971-2297 1110-1970 
Rhodobacterales,NODE_26392_length_1369_cov_24.568493,0.84622,0.7932797662527392,-1,overlap regions: 270-1345 
Rhodobacterales,NODE_14853_length_1784_cov_3.874494,0.75104,0.1350896860986547,-1,overlap regions: 994-1025 789-993 
Rhodobacterales,NODE_9063_length_2246_cov_4.183478,0.76374,0.1620658949243099,-1,overlap regions: 1456-1814 
Rhodobacterales,NODE_45538_length_1063_cov_3.554563,0.83313,0.7779868297271872,-1,overlap regions: 
Rhodobacterales,NODE_49733_length_1021_cov_4.057971,0.7446200000000001,0.9549461312438785,-1,overlap regions: 846-994 38-845 
Rhodobacterales,NODE_40148_length_1127_cov_1.430970,0.8057599999999999,0.616681455190772,-1,overlap regions: 2-688 
Rhodobacterales,NODE_9629_length_2183_cov_6.534774,0.7663,0.0842876775080165,-1,overlap regions: 
Rhodobacterales,NODE_28654_length_1318_cov_1.875693,0.8306,0.13884673748103188,-1,overlap regions: 485-666 
Rhodobacterales,NODE_28559_length_1320_cov_1.980237,0.7741899999999999,0.8924242424242425,-1,overlap regions: 461-1302 141-460 
Hyphomicrobiales,NODE_14_length_31359_cov_8.449591,0.76093,0.056156127427532766,0.00048148169298656285,overlap regions: 21791-23524 
Hyphomicrobiales,NODE_654_length_8705_cov_8.319769,0.7477800000000001,0.20723721998851236,0.001235394855029881,overlap regions: 4194-5957 
Hyphomicrobiales,NODE_29718_length_1295_cov_2.602419,0.73214,0.5621621621621622,0.02725059539079666,overlap regions: 391-1099 
Hyphomicrobiales,NODE_3433_length_3612_cov_7.553556,0.7879600000000001,0.29900332225913623,0.04698769375681877,overlap regions: 369-1435 
Hyphomicrobiales,NODE_19573_length_1575_cov_2.465132,0.74504,0.4158730158730159,0.0020217790734022856,overlap regions: 
Hyphomicrobiales,NODE_5385_length_2868_cov_18.375755,0.8239,0.05543933054393305,0.0009035522816702724,overlap regions: 
Hyphomicrobiales,NODE_22145_length_1489_cov_2.372385,0.8620699999999999,0.03895231699126931,0.8723782896995544,overlap regions: 
Hyphomicrobiales,NODE_48138_length_1037_cov_2.904277,0.80833,0.46287367405978785,0.12777124345302582,overlap regions: 78-481 5-77 
Hyphomicrobiales,NODE_7580_length_2443_cov_16.620603,0.72956,0.45558739255014324,0.10116254538297653,overlap regions: 
Hyphomicrobiales,NODE_27184_length_1350_cov_3.259459,0.90244,0.03037037037037037,0.39872363209724426,overlap regions: 
Hyphomicrobiales,NODE_48159_length_1037_cov_2.321792,0.71694,0.9334619093539055,0.4853215217590332,overlap regions: 8-954 
Hyphomicrobiales,NODE_47007_length_1048_cov_4.012085,0.8985500000000001,0.06583969465648855,0.011517688632011414,overlap regions: 
Hyphomicrobiales,NODE_34738_length_1205_cov_2.079130,0.97674,0.03568464730290456,0.06722414493560791,overlap regions: 1107-1149 
Hyphomicrobiales,NODE_16160_length_1717_cov_3.570999,1.0,0.017472335468841003,-1,overlap regions: 
Hyphomicrobiales,NODE_45194_length_1067_cov_2.136364,0.8142900000000001,0.13120899718837864,-1,overlap regions: 
Hyphomicrobiales,NODE_507_length_9814_cov_11.620248,0.72136,0.07203994293865906,-1,overlap regions: 3540-4014 3323-3539 
Hyphomicrobiales,NODE_533_length_9557_cov_8.338455,0.74063,0.13958355132363712,-1,overlap regions: 3283-4582 
Hyphomicrobiales,NODE_34691_length_1206_cov_1.821894,0.94231,0.04311774461028192,-1,overlap regions: 105-156 
Hyphomicrobiales,NODE_30719_length_1276_cov_2.901720,0.69674,0.6253918495297806,-1,overlap regions: 
Hyphomicrobiales,NODE_769_length_7996_cov_6.047853,0.79495,0.1634567283641821,-1,overlap regions: 5895-7185 
Hyphomicrobiales,NODE_995_length_7014_cov_8.463285,0.73846,0.23167949814656402,-1,overlap regions: 401-1985 
Hyphomicrobiales,NODE_15540_length_1746_cov_9.163808,0.8863599999999999,0.025200458190148912,-1,overlap regions: 
Hyphomicrobiales,NODE_43515_length_1086_cov_1.409311,0.97222,0.03314917127071823,-1,overlap regions: 
Hyphomicrobiales,NODE_51320_length_1007_cov_1.548319,0.7408899999999999,0.24528301886792453,-1,overlap regions: 169-411 
Hyphomicrobiales,NODE_39237_length_1139_cov_2.748155,0.7317100000000001,0.935908691834943,-1,overlap regions: 204-284 0-203 
Hyphomicrobiales,NODE_1687_length_5276_cov_24.655622,0.7585599999999999,0.09969673995451099,-1,overlap regions: 4933-5018 4500-4932 
Hyphomicrobiales,NODE_11598_length_2000_cov_4.095116,0.79038,0.6655,-1,overlap regions: 1665-1998 683-1664 
Hyphomicrobiales,NODE_22995_length_1462_cov_4.088131,0.78095,0.07181942544459645,-1,overlap regions: 393-495 
Hyphomicrobiales,NODE_13362_length_1873_cov_28.268427,1.0,0.014949279231179925,-1,overlap regions: 
Hyphomicrobiales,NODE_2061_length_4763_cov_6.817757,0.7565000000000001,0.20176359437329414,-1,overlap regions: 306-1246 
Hyphomicrobiales,NODE_2124_length_4688_cov_37.524066,1.0,0.005972696245733789,-1,overlap regions: 
Hyphomicrobiales,NODE_10615_length_2082_cov_6.252097,0.7168899999999999,0.21037463976945245,-1,overlap regions: 
Hyphomicrobiales,NODE_2191_length_4616_cov_3.439597,0.96875,0.006932409012131715,-1,overlap regions: 
Hyphomicrobiales,NODE_20146_length_1554_cov_3.326217,0.73883,0.18725868725868725,-1,overlap regions: 
Hyphomicrobiales,NODE_2249_length_4548_cov_7.665702,0.92857,0.009234828496042216,-1,overlap regions: 184-225 
Hyphomicrobiales,NODE_23536_length_1446_cov_2.549245,0.82353,0.04702627939142462,-1,overlap regions: 
Hyphomicrobiales,NODE_40006_length_1128_cov_8.370923,0.9076900000000001,0.057624113475177305,-1,overlap regions: 
Hyphomicrobiales,NODE_25073_length_1404_cov_2.836175,0.71324,0.6780626780626781,-1,overlap regions: 741-928 0-740 
Hyphomicrobiales,NODE_3159_length_3772_cov_27.846920,0.7848900000000001,0.3229056203605514,-1,overlap regions: 2671-3231 2025-2670 
Hyphomicrobiales,NODE_3162_length_3770_cov_8.330283,0.75468,0.24111405835543767,-1,overlap regions: 1993-2875 
Hyphomicrobiales,NODE_31656_length_1259_cov_2.450166,0.90244,0.03256552819698173,-1,overlap regions: 
Hyphomicrobiales,NODE_3440_length_3608_cov_3.394878,1.0,0.012195121951219513,-1,overlap regions: 
Hyphomicrobiales,NODE_3457_length_3598_cov_6.691222,0.85714,0.01556420233463035,-1,overlap regions: 
Hyphomicrobiales,NODE_3477_length_3586_cov_3.708015,0.76802,0.4255437813720022,-1,overlap regions: 1229-2724 
Hyphomicrobiales,NODE_3478_length_3585_cov_9.389802,0.93333,0.012552301255230125,-1,overlap regions: 
Hyphomicrobiales,NODE_3550_length_3541_cov_25.947217,0.75752,0.29116068907088394,-1,overlap regions: 3130-3510 2492-3129 
Hyphomicrobiales,NODE_22394_length_1481_cov_2.090463,0.8767100000000001,0.04929101958136394,-1,overlap regions: 
Hyphomicrobiales,NODE_3706_length_3470_cov_4.032211,0.74866,0.05389048991354467,-1,overlap regions: 
Hyphomicrobiales,NODE_51300_length_1007_cov_2.177521,0.88333,0.05958291956305859,-1,overlap regions: 
Hyphomicrobiales,NODE_33569_length_1224_cov_2.184773,0.7317100000000001,0.23447712418300654,-1,overlap regions: 
Hyphomicrobiales,NODE_51809_length_1002_cov_2.998944,0.8595,0.12075848303393213,-1,overlap regions: 881-1001 
Hyphomicrobiales,NODE_38681_length_1147_cov_1.901099,0.77717,0.16041848299912817,-1,overlap regions: 958-1139 
Hyphomicrobiales,NODE_33990_length_1217_cov_1.377797,0.93878,0.04026294165981923,-1,overlap regions: 
Hyphomicrobiales,NODE_33412_length_1226_cov_3.086251,0.79743,0.2536704730831974,-1,overlap regions: 0-306 
Hyphomicrobiales,NODE_21906_length_1496_cov_1.775156,0.76384,0.5434491978609626,-1,overlap regions: 
Hyphomicrobiales,NODE_10866_length_2061_cov_4.049850,0.86667,0.02911208151382824,-1,overlap regions: 
Hyphomicrobiales,NODE_41429_length_1110_cov_13.952607,0.75197,0.45765765765765765,-1,overlap regions: 
Hyphomicrobiales,NODE_44382_length_1076_cov_2.271303,0.7512099999999999,0.3847583643122677,-1,overlap regions: 
Hyphomicrobiales,NODE_13584_length_1860_cov_3.581163,0.76094,0.1596774193548387,-1,overlap regions: 
Hyphomicrobiales,NODE_25399_length_1395_cov_2.455970,1.0,0.02078853046594982,-1,overlap regions: 
Hyphomicrobiales,NODE_12150_length_1959_cov_2.377101,0.7870999999999999,0.07912200102092905,-1,overlap regions: 1639-1789 
Hyphomicrobiales,NODE_43459_length_1086_cov_2.948594,0.816,0.1151012891344383,-1,overlap regions: 
Hyphomicrobiales,NODE_34966_length_1201_cov_22.586387,0.74603,0.20982514571190675,-1,overlap regions: 
Hyphomicrobiales,NODE_33566_length_1224_cov_2.260907,0.7219,0.8578431372549019,-1,overlap regions: 354-1205 175-353 
Hyphomicrobiales,NODE_35762_length_1190_cov_1.501322,0.77388,0.6949579831932773,-1,overlap regions: 815-816 0-814 
Hyphomicrobiales,NODE_29208_length_1306_cov_1.987210,0.94286,0.02679938744257274,-1,overlap regions: 1286-1298 1264-1285 
Hyphomicrobiales,NODE_46083_length_1058_cov_2.029910,0.85449,0.3052930056710775,-1,overlap regions: 0-321 
Hyphomicrobiales,NODE_40075_length_1127_cov_30.613806,0.77941,0.18101153504880213,-1,overlap regions: 401-457 254-400 
Hyphomicrobiales,NODE_6953_length_2547_cov_16.344302,0.80672,0.04672163329407145,-1,overlap regions: 
Hyphomicrobiales,NODE_14493_length_1807_cov_2.534247,0.75564,0.14720531267293857,-1,overlap regions: 38-277 13-37 
Hyphomicrobiales,NODE_20819_length_1531_cov_4.184959,0.71463,0.5447419986936642,-1,overlap regions: 
Hyphomicrobiales,NODE_47891_length_1040_cov_2.203046,0.74899,0.2375,-1,overlap regions: 177-338 95-176 
Hyphomicrobiales,NODE_7152_length_2514_cov_29.026840,0.78342,0.32140015910898967,-1,overlap regions: 260-1057 
Hyphomicrobiales,NODE_20392_length_1545_cov_4.138255,0.7424200000000001,0.512621359223301,-1,overlap regions: 1050-1506 
Hyphomicrobiales,NODE_7205_length_2506_cov_3.942880,0.84848,0.026336791699920193,-1,overlap regions: 
Hyphomicrobiales,NODE_38351_length_1151_cov_35.569343,0.74261,0.49956559513466553,-1,overlap regions: 
Hyphomicrobiales,NODE_48198_length_1036_cov_12.042813,0.7579600000000001,0.15154440154440155,-1,overlap regions: 155-311 
Hyphomicrobiales,NODE_7508_length_2454_cov_14.947061,0.7697400000000001,0.06193969030154849,-1,overlap regions: 
Hyphomicrobiales,NODE_48346_length_1035_cov_2.563265,0.7180500000000001,0.7333333333333333,-1,overlap regions: 371-843 108-370 
Hyphomicrobiales,NODE_7733_length_2423_cov_2.831926,0.91228,0.02352455633512175,-1,overlap regions: 
Hyphomicrobiales,NODE_7911_length_2398_cov_2.644900,0.84553,0.05129274395329441,-1,overlap regions: 
Hyphomicrobiales,NODE_7947_length_2393_cov_23.931138,0.88732,0.029669870455495195,-1,overlap regions: 
Hyphomicrobiales,NODE_17183_length_1669_cov_4.899009,0.84416,0.046135410425404436,-1,overlap regions: 
Hyphomicrobiales,NODE_48605_length_1032_cov_3.016377,1.0,0.030038759689922482,-1,overlap regions: 
Hyphomicrobiales,NODE_28736_length_1316_cov_2.284695,0.74324,0.39361702127659576,-1,overlap regions: 
Hyphomicrobiales,NODE_43001_length_1091_cov_3.483591,0.80676,0.18973418881759854,-1,overlap regions: 853-1058 
Hyphomicrobiales,NODE_50207_length_1017_cov_2.502079,0.76106,0.2222222222222222,-1,overlap regions: 
Hyphomicrobiales,NODE_44229_length_1078_cov_1.775171,0.75806,0.4025974025974026,-1,overlap regions: 
Hyphomicrobiales,NODE_9005_length_2254_cov_3.885402,0.72607,0.1344276841171251,-1,overlap regions: 
Hyphomicrobiales,NODE_40794_length_1118_cov_5.356538,0.7978000000000001,0.8935599284436494,-1,overlap regions: 0-988 
Hyphomicrobiales,NODE_22160_length_1488_cov_4.226797,0.86735,0.06586021505376344,-1,overlap regions: 811-908 
Hyphomicrobiales,NODE_24149_length_1428_cov_4.270211,0.8342,0.2703081232492997,-1,overlap regions: 0-384 
Hyphomicrobiales,NODE_9587_length_2188_cov_5.481013,0.74201,0.1860146252285192,-1,overlap regions: 
Hyphomicrobiales,NODE_22741_length_1470_cov_20.032509,0.7353400000000001,0.9047619047619048,-1,overlap regions: 
Hyphomicrobiales,NODE_9777_length_2166_cov_9.810516,0.77321,0.2585410895660203,-1,overlap regions: 711-1262 
Hyphomicrobiales,NODE_19039_length_1595_cov_2.266883,0.82045,0.5028213166144201,-1,overlap regions: 528-1258 465-527 
Hyphomicrobiales,NODE_20711_length_1535_cov_2.981081,0.81818,0.07882736156351791,-1,overlap regions: 180-300 
Corynebacteriales,NODE_41598_length_1109_cov_1.979127,0.7826099999999999,0.14517583408476104,0.11619120091199875,overlap regions: 430-583 
Corynebacteriales,NODE_62_length_20788_cov_6.716828,0.82812,0.003078699249567058,-1,overlap regions: 11153-11216 
Corynebacteriales,NODE_13859_length_1843_cov_3.741611,0.8359399999999999,0.0694519804666305,-1,overlap regions: 30-131 5-29 
Corynebacteriales,NODE_12333_length_1946_cov_7.974088,0.9782599999999999,0.023638232271325797,-1,overlap regions: 
Corynebacteriales,NODE_35826_length_1188_cov_4.077670,0.97297,0.031144781144781145,-1,overlap regions: 
Corynebacteriales,NODE_33430_length_1226_cov_2.359522,0.73878,0.199836867862969,-1,overlap regions: 159-279 41-158 
Corynebacteriales,NODE_1506_length_5639_cov_27.602077,0.80036,0.09948572441922326,-1,overlap regions: 5465-5621 5066-5464 
Corynebacteriales,NODE_23198_length_1456_cov_4.193433,0.7917799999999999,0.5178571428571429,-1,overlap regions: 107-839 
Corynebacteriales,NODE_1985_length_4848_cov_6.253912,0.8471299999999999,0.03238448844884489,-1,overlap regions: 657-811 
Corynebacteriales,NODE_3171_length_3764_cov_3.554327,0.74154,0.3926673751328374,-1,overlap regions: 4-1452 
Corynebacteriales,NODE_12315_length_1948_cov_3.248283,0.73824,0.17453798767967146,-1,overlap regions: 1457-1788 
Corynebacteriales,NODE_3496_length_3567_cov_26.316059,0.76536,0.05018222596019064,-1,overlap regions: 3512-3566 3393-3511 
Corynebacteriales,NODE_12920_length_1904_cov_5.367766,0.7626999999999999,0.6307773109243697,-1,overlap regions: 1740-1893 713-1739 
Corynebacteriales,NODE_3710_length_3468_cov_4.434515,0.73107,0.22087658592848905,-1,overlap regions: 582-903 154-581 
Corynebacteriales,NODE_6005_length_2729_cov_3.070681,0.73387,0.27262733602052036,-1,overlap regions: 0-731 
Corynebacteriales,NODE_41711_length_1107_cov_10.996198,0.7594799999999999,0.7624209575429087,-1,overlap regions: 248-1077 
Corynebacteriales,NODE_10989_length_2049_cov_5.896189,0.79227,0.7447535383113714,-1,overlap regions: 0-1505 
Corynebacteriales,NODE_26149_length_1376_cov_1.563967,0.83824,0.04941860465116279,-1,overlap regions: 1134-1167 1100-1133 
Corynebacteriales,NODE_27108_length_1352_cov_3.345412,0.7476600000000001,0.6331360946745562,-1,overlap regions: 390-1231 
Corynebacteriales,NODE_45229_length_1066_cov_10.657765,0.8648600000000001,0.06941838649155722,-1,overlap regions: 912-930 857-911 
Corynebacteriales,NODE_33381_length_1227_cov_1.953072,0.73626,0.4449877750611247,-1,overlap regions: 433-967 
Corynebacteriales,NODE_32355_length_1246_cov_2.783375,0.8209000000000001,0.10754414125200643,-1,overlap regions: 1-134 
Corynebacteriales,NODE_23228_length_1455_cov_3.902857,0.77778,0.1979381443298969,-1,overlap regions: 164-446 
Corynebacteriales,NODE_8617_length_2302_cov_21.935915,0.81188,0.043874891398783665,-1,overlap regions: 
Corynebacteriales,NODE_8888_length_2269_cov_3.735321,0.7586799999999999,0.5332745702952842,-1,overlap regions: 1263-1424 235-1262 
Corynebacteriales,NODE_13710_length_1853_cov_2.010567,0.7286400000000001,0.3599568267674042,-1,overlap regions: 4-656 
Corynebacteriales,NODE_12573_length_1929_cov_1.667022,0.86957,0.08346293416277864,-1,overlap regions: 
Corynebacteriales,NODE_11537_length_2005_cov_2.970769,0.88889,0.026932668329177057,-1,overlap regions: 
Burkholderiales,NODE_36_length_24056_cov_8.174201,0.72894,0.12928167608912539,9.567996312398463e-05,overlap regions: 3372-6419 
Burkholderiales,NODE_168_length_15459_cov_8.119839,0.75964,0.11572546736528883,0.00023857491032686085,overlap regions: 4127-5885 
Burkholderiales,NODE_2234_length_4568_cov_6.742965,0.71624,0.14426444833625218,0.0228131040930748,overlap regions: 
Burkholderiales,NODE_17447_length_1658_cov_2.946351,0.75845,0.24969843184559712,0.029210735112428665,overlap regions: 1249-1657 
Burkholderiales,NODE_38160_length_1154_cov_7.446770,0.8255,0.1291161178509532,0.9955148100852966,overlap regions: 
Burkholderiales,NODE_10283_length_2114_cov_7.929092,0.9130400000000001,0.021759697256385997,0.013790272176265717,overlap regions: 615-660 
Burkholderiales,NODE_4480_length_3138_cov_3.778138,0.8904099999999999,0.023263224984066286,0.111782506108284,overlap regions: 918-990 
Burkholderiales,NODE_159_length_15737_cov_6.641500,1.0,0.001842790875007943,-1,overlap regions: 
Burkholderiales,NODE_1118_length_6599_cov_8.520630,0.7696,0.25125018942263977,-1,overlap regions: 743-1791 172-742 
Burkholderiales,NODE_1151_length_6521_cov_7.696103,0.74866,0.02867658334611256,-1,overlap regions: 2935-3048 2867-2934 
Burkholderiales,NODE_1832_length_5060_cov_7.451149,0.75928,0.20770750988142292,-1,overlap regions: 4020-5056 
Burkholderiales,NODE_47235_length_1046_cov_2.613522,0.81707,0.07839388145315487,-1,overlap regions: 687-736 657-686 
Burkholderiales,NODE_22389_length_1481_cov_2.335203,0.90196,0.03443619176232275,-1,overlap regions: 
Burkholderiales,NODE_2865_length_3975_cov_9.591837,0.73257,0.19849056603773585,-1,overlap regions: 1170-1328 561-1169 
Burkholderiales,NODE_22439_length_1480_cov_1.777544,0.75563,0.21013513513513513,-1,overlap regions: 
Burkholderiales,NODE_21725_length_1501_cov_4.461964,0.76359,0.24516988674217188,-1,overlap regions: 39-363 2-38 
Burkholderiales,NODE_3211_length_3740_cov_2.518589,0.9148900000000001,0.012566844919786097,-1,overlap regions: 
Burkholderiales,NODE_5423_length_2858_cov_2.979308,0.8125,0.16235129461161651,-1,overlap regions: 2025-2479 
Burkholderiales,NODE_5534_length_2832_cov_16.689233,0.8970600000000001,0.02401129943502825,-1,overlap regions: 
Burkholderiales,NODE_16958_length_1680_cov_1.584615,1.0,0.016666666666666666,-1,overlap regions: 
Burkholderiales,NODE_18962_length_1598_cov_2.185353,0.84615,0.04881101376720901,-1,overlap regions: 1406-1482 
Burkholderiales,NODE_24344_length_1423_cov_2.540205,1.0,0.020379479971890373,-1,overlap regions: 
Burkholderiales,NODE_8081_length_2376_cov_29.475657,0.75197,0.5871212121212122,-1,overlap regions: 951-2309 
Burkholderiales,NODE_23364_length_1451_cov_2.681948,0.73397,0.290144727773949,-1,overlap regions: 539-610 203-538 
Burkholderiales,NODE_16598_length_1697_cov_3.128502,0.90476,0.024749558043606363,-1,overlap regions: 
Burkholderiales,NODE_9677_length_2179_cov_2.470339,0.74965,0.3299678751720973,-1,overlap regions: 0-702 
Burkholderiales,NODE_30849_length_1273_cov_5.279146,0.74247,0.5216025137470542,-1,overlap regions: 
Xanthomonadales,NODE_47831_length_1040_cov_3.704569,0.76,0.16826923076923078,-1,overlap regions: 179-340 
Xanthomonadales,NODE_13782_length_1847_cov_20.376674,0.83607,0.03302652950730915,-1,overlap regions: 1114-1173 
Xanthomonadales,NODE_27040_length_1354_cov_2.996921,0.7466200000000001,0.38183161004431315,-1,overlap regions: 420-926 
Xanthomonadales,NODE_43142_length_1090_cov_2.137198,0.9697,0.030275229357798167,-1,overlap regions: 922-954 
Thiotrichales,NODE_37257_length_1167_cov_8.003597,1.0,0.06512425021422451,-1,overlap regions: 82-148 73-81 
Thiotrichales,NODE_47932_length_1039_cov_4.018293,0.8444400000000001,0.08662175168431184,-1,overlap regions: 72-160 
Vibrionales,NODE_1750_length_5176_cov_35.267526,0.91781,0.01410355486862442,-1,overlap regions: 3220-3290 
Aeromonadales,NODE_20329_length_1547_cov_6.637399,0.96552,0.03749191984486102,-1,overlap regions: 
Aeromonadales,NODE_4284_length_3208_cov_3.414526,0.76657,0.2256857855361596,-1,overlap regions: 577-740 27-576 
Sphingomonadales,NODE_22301_length_1483_cov_15.585434,0.75105,0.4794335805799056,0.04564255103468895,overlap regions: 783-1474 
Sphingomonadales,NODE_1647_length_5342_cov_25.203896,0.92683,0.007675028079371022,0.0010110754519701004,overlap regions: 
Sphingomonadales,NODE_2207_length_4593_cov_7.823711,1.0,0.006096233398650119,0.0012338790111243725,overlap regions: 
Sphingomonadales,NODE_37905_length_1158_cov_3.408885,0.7425799999999999,0.8151986183074266,0.9998133778572083,overlap regions: 
Sphingomonadales,NODE_27901_length_1334_cov_28.043002,0.7613599999999999,0.9235382308845578,0.7921362519264221,overlap regions: 1005-1219 6-1004 
Sphingomonadales,NODE_45037_length_1068_cov_4.101678,0.84041,0.903558052434457,0.9827784895896912,overlap regions: 792-1017 56-791 
Sphingomonadales,NODE_46257_length_1055_cov_67.344000,0.70634,0.9715639810426541,-1,overlap regions: 
Sphingomonadales,NODE_917_length_7352_cov_6.652597,0.77108,0.022578890097932534,-1,overlap regions: 
Sphingomonadales,NODE_13340_length_1875_cov_3.414835,0.8142900000000001,0.14933333333333335,-1,overlap regions: 
Sphingomonadales,NODE_25975_length_1380_cov_2.813585,1.0,0.021739130434782608,-1,overlap regions: 
Sphingomonadales,NODE_2677_length_4116_cov_4.375523,0.9473699999999999,0.00923226433430515,-1,overlap regions: 
Sphingomonadales,NODE_2918_length_3935_cov_8.253866,0.70807,0.08182973316391359,-1,overlap regions: 
Sphingomonadales,NODE_3249_length_3713_cov_7.859486,0.88889,0.012119579854565042,-1,overlap regions: 
Sphingomonadales,NODE_39957_length_1129_cov_2.733706,1.0,0.024800708591674048,-1,overlap regions: 416-443 
Sphingomonadales,NODE_3403_length_3629_cov_7.671517,0.97059,0.0093689721686415,-1,overlap regions: 
Sphingomonadales,NODE_51777_length_1002_cov_14.109820,0.93878,0.04890219560878244,-1,overlap regions: 
Sphingomonadales,NODE_45520_length_1064_cov_1.383548,0.81132,0.09962406015037593,-1,overlap regions: 
Sphingomonadales,NODE_12645_length_1923_cov_7.876338,0.7904800000000001,0.10920436817472699,-1,overlap regions: 
Sphingomonadales,NODE_28174_length_1328_cov_24.263158,0.90741,0.04066265060240964,-1,overlap regions: 1156-1208 
Sphingomonadales,NODE_39761_length_1132_cov_2.052925,0.7818200000000001,0.09717314487632508,-1,overlap regions: 
Sphingomonadales,NODE_12321_length_1948_cov_2.129952,0.8658499999999999,0.04209445585215606,-1,overlap regions: 429-510 
Sphingomonadales,NODE_17267_length_1666_cov_3.235878,0.75845,0.4969987995198079,-1,overlap regions: 848-1661 
Sphingomonadales,NODE_33771_length_1220_cov_3.918455,0.91026,0.06393442622950819,-1,overlap regions: 
Sphingomonadales,NODE_45664_length_1062_cov_2.528302,0.97059,0.032015065913371,-1,overlap regions: 
Eubacteriales,NODE_9092_length_2242_cov_19.964792,0.9538500000000001,0.028991971454058876,-1,overlap regions: 1937-1963 1899-1936 
Rhodospirillales,NODE_214_length_14124_cov_8.281825,1.0,0.002053242707448315,0.012057220563292503,overlap regions: 
Rhodospirillales,NODE_35408_length_1194_cov_20.406497,0.8503400000000001,0.12311557788944724,0.0027830004692077637,overlap regions: 806-952 
Rhodospirillales,NODE_17927_length_1638_cov_4.925458,0.83221,0.09096459096459096,0.3996528685092926,overlap regions: 435-582 
Rhodospirillales,NODE_38483_length_1150_cov_1.684018,0.8210500000000001,0.08260869565217391,0.2726779878139496,overlap regions: 749-843 
Rhodospirillales,NODE_6313_length_2666_cov_3.448870,0.73613,0.5273818454613654,0.02487141638994217,overlap regions: 1273-2665 
Rhodospirillales,NODE_15745_length_1736_cov_3.175491,0.93182,0.02534562211981567,-1,overlap regions: 621-662 619-620 
Rhodospirillales,NODE_25197_length_1400_cov_17.572491,0.87973,0.7364285714285714,-1,overlap regions: 369-1399 
Rhodospirillales,NODE_31090_length_1268_cov_8.583677,0.76129,0.8556782334384858,-1,overlap regions: 2-1060 
Rhodospirillales,NODE_496_length_9938_cov_6.819387,0.72387,0.20990138860937815,-1,overlap regions: 6993-9031 
Rhodospirillales,NODE_10489_length_2094_cov_19.527219,1.0,0.015281757402101241,-1,overlap regions: 
Rhodospirillales,NODE_38136_length_1155_cov_2.268182,0.76923,0.5177489177489177,-1,overlap regions: 561-1151 
Rhodospirillales,NODE_1759_length_5163_cov_8.045027,0.73872,0.08154173929885726,-1,overlap regions: 2966-3287 
Rhodospirillales,NODE_47739_length_1041_cov_3.189655,0.7173900000000001,0.9721421709894332,-1,overlap regions: 
Rhodospirillales,NODE_44782_length_1071_cov_3.974409,0.85859,1.0168067226890756,-1,overlap regions: 3-1067 
Rhodospirillales,NODE_25038_length_1405_cov_2.512593,0.8554200000000001,0.05907473309608541,-1,overlap regions: 
Rhodospirillales,NODE_3770_length_3436_cov_23.976043,0.91667,0.013969732246798603,-1,overlap regions: 
Rhodospirillales,NODE_11150_length_2036_cov_6.166583,0.8087000000000001,0.05648330058939096,-1,overlap regions: 24-135 
Rhodospirillales,NODE_11818_length_1983_cov_4.299274,0.7714700000000001,0.3817448310640444,-1,overlap regions: 311-1065 
Rhodospirillales,NODE_5795_length_2774_cov_19.184994,1.0,0.010093727469358327,-1,overlap regions: 
Rhodospirillales,NODE_6234_length_2681_cov_31.808073,0.7889400000000001,0.4453562103692652,-1,overlap regions: 5-1184 
Rhodospirillales,NODE_35566_length_1192_cov_16.581354,0.76587,0.4228187919463087,-1,overlap regions: 692-1191 
Rhodospirillales,NODE_28046_length_1331_cov_7.618339,0.7969799999999999,0.3478587528174305,-1,overlap regions: 256-460 7-255 
Rhodospirillales,NODE_20517_length_1540_cov_8.928620,0.82883,0.07207792207792207,-1,overlap regions: 
Rhodospirillales,NODE_7559_length_2446_cov_2.947721,0.7543899999999999,0.18642681929681112,-1,overlap regions: 
Rhodospirillales,NODE_23740_length_1440_cov_2.446209,0.9076900000000001,0.04513888888888889,-1,overlap regions: 
Rhodospirillales,NODE_46566_length_1052_cov_4.214644,0.88506,0.08269961977186312,-1,overlap regions: 271-356 
Rhodospirillales,NODE_50923_length_1010_cov_2.675393,0.838,0.9900990099009901,-1,overlap regions: 10-1004 
Rhodospirillales,NODE_15941_length_1728_cov_3.503885,0.76531,0.11342592592592593,-1,overlap regions: 
Rhodospirillales,NODE_9150_length_2234_cov_3.740248,0.78226,0.05550581915846016,-1,overlap regions: 639-760 
Rhodospirillales,NODE_42160_length_1102_cov_2.255969,0.76515,0.2395644283121597,-1,overlap regions: 144-402 
Rhodospirillales,NODE_15952_length_1727_cov_4.445574,0.78423,0.13954834973943253,-1,overlap regions: 
Micrococcales,NODE_1858_length_5026_cov_5.230537,0.75661,0.037604456824512536,0.0036941904108971357,overlap regions: 3363-3549 
Micrococcales,NODE_2745_length_4048_cov_6.457300,0.75625,0.039525691699604744,0.07087467610836029,overlap regions: 3215-3370 
Micrococcales,NODE_12430_length_1939_cov_3.223461,0.90476,0.021660649819494584,0.44215697050094604,overlap regions: 
Micrococcales,NODE_404_length_10921_cov_6.116142,0.8656699999999999,0.006134969325153374,-1,overlap regions: 7628-7694 
Micrococcales,NODE_1122_length_6576_cov_8.534581,0.9697,0.005018248175182482,-1,overlap regions: 
Micrococcales,NODE_2263_length_4519_cov_5.081541,0.75163,0.06771409603894667,-1,overlap regions: 3720-3939 3639-3719 
Micrococcales,NODE_14823_length_1786_cov_2.028885,0.8034699999999999,0.09686450167973125,-1,overlap regions: 
Micrococcales,NODE_20456_length_1543_cov_1.940188,0.77778,0.08749189889825017,-1,overlap regions: 
Micrococcales,NODE_30281_length_1284_cov_2.599675,0.9473699999999999,0.029595015576323987,-1,overlap regions: 999-1036 
Streptomycetales,NODE_50138_length_1018_cov_1.323988,0.9245300000000001,0.05206286836935167,0.10103433579206467,overlap regions: 
Streptomycetales,NODE_37648_length_1162_cov_1.375790,1.0,0.02495697074010327,-1,overlap regions: 
Streptomycetales,NODE_595_length_9007_cov_5.687444,1.0,0.0032197179971133563,-1,overlap regions: 6709-6737 
Streptomycetales,NODE_13267_length_1879_cov_26.281798,0.7899200000000001,0.0633315593400745,-1,overlap regions: 
Streptomycetales,NODE_28498_length_1321_cov_2.254344,1.0,0.021196063588190765,-1,overlap regions: 
Streptomycetales,NODE_12622_length_1924_cov_4.124666,0.76984,0.06548856548856549,-1,overlap regions: 
Streptomycetales,NODE_28468_length_1321_cov_6.226698,0.71616,0.34670704012112036,-1,overlap regions: 
Nostocales,NODE_123_length_17186_cov_38.147218,0.75393,0.03334109158617479,0.004417499527335167,overlap regions: 
Nostocales,NODE_155_length_15882_cov_39.131168,0.9697,0.00207782395164337,0.053635090589523315,overlap regions: 
Nostocales,NODE_273_length_12979_cov_10.604998,0.7391599999999999,0.2504815471145697,0.49907878041267395,overlap regions: 
Nostocales,NODE_527_length_9675_cov_37.941164,0.9697,0.0034108527131782944,0.003304595360532403,overlap regions: 
Nostocales,NODE_670_length_8586_cov_6.430430,0.75249,0.22210575355229442,0.004955944139510393,overlap regions: 3783-5672 
Nostocales,NODE_841_length_7661_cov_35.871154,1.0,0.003915937867119175,0.0018385682487860322,overlap regions: 
Nostocales,NODE_999_length_7012_cov_6.563892,1.0,0.003993154592127781,0.004014062229543924,overlap regions: 5451-5468 
Nostocales,NODE_19493_length_1577_cov_24.955322,1.0,0.024096385542168676,0.010732716880738735,overlap regions: 
Nostocales,NODE_15929_length_1728_cov_29.786611,0.93333,0.026041666666666668,0.6589775681495667,overlap regions: 
Nostocales,NODE_1840_length_5047_cov_32.586739,1.0,0.007529225282345948,0.02800809219479561,overlap regions: 
Nostocales,NODE_2113_length_4699_cov_34.650517,0.92857,0.008938071930197914,0.00983118824660778,overlap regions: 
Nostocales,NODE_4326_length_3191_cov_17.367028,1.0,0.010028204324663115,0.03839549422264099,overlap regions: 
Nostocales,NODE_46193_length_1056_cov_22.248751,0.7185299999999999,0.5416666666666666,0.6488403677940369,overlap regions: 
Nostocales,NODE_5664_length_2801_cov_34.394028,1.0,0.010710460549803642,0.11161579191684723,overlap regions: 
Nostocales,NODE_5958_length_2740_cov_26.290503,0.97143,0.012773722627737226,0.7345232963562012,overlap regions: 
Nostocales,NODE_13661_length_1855_cov_39.721667,1.0,0.020485175202156335,0.03194577246904373,overlap regions: 
Nostocales,NODE_27699_length_1338_cov_18.572097,0.76786,0.12556053811659193,0.397853821516037,overlap regions: 
Nostocales,NODE_6512_length_2627_cov_70.656299,0.9697,0.012561857632280167,0.026422005146741867,overlap regions: 
Nostocales,NODE_8526_length_2315_cov_33.765487,0.72961,0.10064794816414686,0.1301703304052353,overlap regions: 
Nostocales,NODE_15191_length_1765_cov_38.549123,1.0,0.018696883852691217,0.10983558744192123,overlap regions: 
Nostocales,NODE_43_length_22728_cov_37.065276,1.0,0.0014519535374868005,-1,overlap regions: 
Nostocales,NODE_257_length_13157_cov_37.686155,0.95122,0.0031162119024093636,-1,overlap regions: 
Nostocales,NODE_272_length_12987_cov_42.223863,0.96875,0.002464002464002464,-1,overlap regions: 
Nostocales,NODE_513_length_9793_cov_35.033888,1.0,0.003165526396405596,-1,overlap regions: 
Nostocales,NODE_954_length_7146_cov_37.451840,1.0,0.004338091239854464,-1,overlap regions: 
Nostocales,NODE_1187_length_6426_cov_38.580757,1.0,0.004824151882975412,-1,overlap regions: 
Nostocales,NODE_1370_length_5946_cov_41.664234,0.95,0.006727211570803902,-1,overlap regions: 5259-5271 
Nostocales,NODE_1438_length_5790_cov_7.276373,0.84286,0.012089810017271158,-1,overlap regions: 
Nostocales,NODE_44448_length_1075_cov_2.939216,0.78621,0.13488372093023257,-1,overlap regions: 
Nostocales,NODE_2860_length_3977_cov_6.700918,1.0,0.009303495096806638,-1,overlap regions: 
Nostocales,NODE_21491_length_1509_cov_23.129298,0.97059,0.02253147779986746,-1,overlap regions: 
Nostocales,NODE_4672_length_3079_cov_29.134259,1.0,0.01039298473530367,-1,overlap regions: 
Nostocales,NODE_49102_length_1027_cov_3.082305,0.82667,0.0730282375851996,-1,overlap regions: 
Nostocales,NODE_12541_length_1930_cov_6.478933,0.85714,0.032642487046632127,-1,overlap regions: 335-361 299-334 
Nostocales,NODE_5199_length_2915_cov_39.311189,1.0,0.010291595197255575,-1,overlap regions: 
Nostocales,NODE_5395_length_2864_cov_38.477038,1.0,0.0111731843575419,-1,overlap regions: 
Nostocales,NODE_5603_length_2814_cov_7.457050,1.0,0.009950248756218905,-1,overlap regions: 
Nostocales,NODE_10541_length_2089_cov_41.845133,0.97222,0.01723312589755864,-1,overlap regions: 111-146 
Nostocales,NODE_7919_length_2396_cov_7.695429,0.96774,0.01293823038397329,-1,overlap regions: 1650-1662 1632-1649 
Nostocales,NODE_10655_length_2079_cov_17.921443,0.73634,0.405002405002405,-1,overlap regions: 
Nostocales,NODE_37256_length_1167_cov_36.892986,1.0,0.024850042844901457,-1,overlap regions: 
Nostocales,NODE_17433_length_1658_cov_16.253275,0.73188,0.6073582629674307,-1,overlap regions: 
Pasteurellales,NODE_10745_length_2072_cov_5.943976,0.71261,0.16457528957528958,-1,overlap regions: 977-1313 
Neisseriales,NODE_33003_length_1233_cov_4.673175,0.8255800000000001,0.06974858069748581,-1,overlap regions: 
Neisseriales,NODE_12618_length_1924_cov_4.588015,0.8979600000000001,0.02546777546777547,-1,overlap regions: 820-854 806-819 
Bacteroidales,NODE_12729_length_1917_cov_3.302900,0.72107,0.17579551382368283,0.9562205076217651,overlap regions: 
Bacteroidales,NODE_22607_length_1475_cov_1.635211,0.9473699999999999,0.02576271186440678,0.5155276656150818,overlap regions: 
Bacteroidales,NODE_45701_length_1062_cov_1.602781,0.81188,0.0951035781544256,0.9564300775527954,overlap regions: 
Bacteroidales,NODE_13922_length_1839_cov_4.844170,0.97368,0.02066340402392605,-1,overlap regions: 1225-1262 
Bacteroidales,NODE_37082_length_1170_cov_3.547982,0.70545,0.8153846153846154,-1,overlap regions: 
Bacteroidales,NODE_8758_length_2285_cov_3.440807,0.7117100000000001,0.14573304157549233,-1,overlap regions: 
Bacteroidales,NODE_42644_length_1096_cov_2.312200,0.8087399999999999,0.33394160583941607,-1,overlap regions: 
Legionellales,NODE_728_length_8240_cov_6.964936,0.92537,0.008131067961165049,0.006279869470745325,overlap regions: 
Legionellales,NODE_29875_length_1292_cov_2.597413,0.91935,0.047987616099071206,-1,overlap regions: 200-204 143-199 
Legionellales,NODE_14114_length_1828_cov_4.241963,0.8648600000000001,0.06072210065645514,-1,overlap regions: 535-642 
Legionellales,NODE_4763_length_3048_cov_9.707317,0.83871,0.03051181102362205,-1,overlap regions: 2563-2653 
Legionellales,NODE_30545_length_1279_cov_3.884804,0.83636,0.2580140734949179,-1,overlap regions: 0-324 
Synechococcales,NODE_5_length_38031_cov_38.639983,0.91071,0.0014724829744156083,0.9119915962219238,overlap regions: 
Synechococcales,NODE_53_length_21651_cov_7.147898,0.7973300000000001,0.020738072144473697,0.018595732748508453,overlap regions: 
Synechococcales,NODE_1193_length_6414_cov_4.330241,0.85455,0.008574992204552542,0.7128114700317383,overlap regions: 
Synechococcales,NODE_11705_length_1992_cov_38.392359,0.8253100000000001,0.2816265060240964,0.44066861271858215,overlap regions: 98-656 
Synechococcales,NODE_2552_length_4231_cov_8.276102,0.8138,0.3871425194989364,0.994616687297821,overlap regions: 
Synechococcales,NODE_7099_length_2522_cov_8.461289,0.82231,0.19191118160190326,0.0962788388133049,overlap regions: 265-735 253-264 
Synechococcales,NODE_44773_length_1071_cov_21.686024,0.96875,0.029878618113912233,0.904283344745636,overlap regions: 868-899 
Synechococcales,NODE_32221_length_1248_cov_21.127410,0.88235,0.05448717948717949,-1,overlap regions: 
Synechococcales,NODE_5380_length_2871_cov_5.251776,1.0,0.009752699407871821,-1,overlap regions: 
Synechococcales,NODE_6797_length_2576_cov_19.215787,0.9411799999999999,0.013198757763975156,-1,overlap regions: 
Synechococcales,NODE_6991_length_2541_cov_6.212389,0.74598,0.12239275875639512,-1,overlap regions: 442-748 
Cytophagales,NODE_4009_length_3327_cov_4.426345,1.0,0.008716561466786895,0.11909018456935883,overlap regions: 
Cytophagales,NODE_40541_length_1122_cov_1.988754,0.92683,0.07308377896613191,-1,overlap regions: 
Cytophagales,NODE_38187_length_1154_cov_3.079163,0.88235,0.058925476603119586,-1,overlap regions: 
Cytophagales,NODE_14322_length_1816_cov_4.314594,0.84142,0.17015418502202642,-1,overlap regions: 0-308 
Cytophagales,NODE_25201_length_1400_cov_7.294424,0.83392,1.0064285714285715,-1,overlap regions: 0-1386 
Cytophagales,NODE_45895_length_1060_cov_1.400000,0.97297,0.03490566037735849,-1,overlap regions: 996-1016 980-995 
Alteromonadales,NODE_48322_length_1035_cov_3.220408,0.83784,0.07149758454106281,-1,overlap regions: 235-298 225-234 
Chroococcales,NODE_460_length_10305_cov_6.834439,0.97059,0.003299369238233867,0.005995187442749739,overlap regions: 
Chroococcales,NODE_561_length_9311_cov_33.967373,1.0,0.003007195789925894,0.008034050464630127,overlap regions: 
Chroococcales,NODE_623_length_8849_cov_38.516034,0.71583,0.08351226127246017,0.021770328283309937,overlap regions: 
Chroococcales,NODE_638_length_8766_cov_6.529216,0.91667,0.0054757015742642025,0.00628247344866395,overlap regions: 
Chroococcales,NODE_725_length_8254_cov_8.142212,1.0,0.003513448025199903,0.011108443140983582,overlap regions: 
Chroococcales,NODE_817_length_7758_cov_35.406465,0.77539,0.09010054137664346,0.3941951394081116,overlap regions: 
Chroococcales,NODE_27949_length_1333_cov_6.904538,0.97297,0.0277569392348087,0.17675381898880005,overlap regions: 
Chroococcales,NODE_5420_length_2858_cov_33.462005,0.75823,0.24457662701189642,0.0065176719799637794,overlap regions: 
Chroococcales,NODE_32967_length_1234_cov_3.085666,0.79336,0.5372771474878444,0.6216564774513245,overlap regions: 
Chroococcales,NODE_13952_length_1837_cov_52.942200,0.77778,0.20087098530212302,0.997434675693512,overlap regions: 
Chroococcales,NODE_9222_length_2225_cov_6.732719,0.7563,0.05348314606741573,0.007263434585183859,overlap regions: 
Chroococcales,NODE_47_length_22570_cov_39.369221,0.8405800000000001,0.0030571555161719097,-1,overlap regions: 
Chroococcales,NODE_1050_length_6821_cov_6.424180,0.96875,0.004691394223720862,-1,overlap regions: 
Flavobacteriales,NODE_31661_length_1259_cov_2.366279,0.9743600000000001,0.030976965845909452,0.008015579544007778,overlap regions: 175-180 172-174 
Thermales,NODE_50274_length_1016_cov_3.347555,0.8955200000000001,0.06594488188976377,0.32789739966392517,overlap regions: 
Thermales,NODE_3045_length_3848_cov_3.301081,0.73822,0.04963617463617464,-1,overlap regions: 
Thermales,NODE_9516_length_2195_cov_3.790654,0.7554500000000001,0.18815489749430525,-1,overlap regions: 1779-2186 
Deinococcales,NODE_17819_length_1643_cov_2.261335,0.97297,0.02251978088861838,-1,overlap regions: 
Deinococcales,NODE_41785_length_1107_cov_1.320342,0.85,0.05420054200542006,-1,overlap regions: 
Deinococcales,NODE_4096_length_3290_cov_27.576507,0.8870999999999999,0.01884498480243161,-1,overlap regions: 578-639 
Deinococcales,NODE_28662_length_1317_cov_22.211569,0.7364499999999999,0.3082763857251329,-1,overlap regions: 
Deinococcales,NODE_17405_length_1660_cov_2.846106,1.0,0.01746987951807229,-1,overlap regions: 647-675 
Deinococcales,NODE_7235_length_2500_cov_3.951329,0.96875,0.0128,-1,overlap regions: 219-250 
Deinococcales,NODE_17301_length_1664_cov_4.293350,0.80537,0.08954326923076923,-1,overlap regions: 
Deinococcales,NODE_26883_length_1357_cov_6.380952,0.875,0.04126750184229919,-1,overlap regions: 
Deinococcales,NODE_48529_length_1033_cov_2.321063,0.84694,0.09486931268151017,-1,overlap regions: 
other,NODE_15_length_30969_cov_37.688458,1.0,0.000968710646130001,2.0827428670600057e-09,overlap regions: 
other,NODE_45_length_22615_cov_30.916844,0.77121,0.01720097280565996,0.0005180957959964871,overlap regions: 
other,NODE_71_length_20163_cov_38.062711,1.0,0.0015870654168526508,9.116592281088742e-08,overlap regions: 
other,NODE_105_length_18030_cov_36.879499,0.85981,0.005934553521907931,0.0009237164631485939,overlap regions: 
other,NODE_112_length_17777_cov_42.081368,0.92157,0.002868875513303707,9.665086508903187e-06,overlap regions: 
other,NODE_197_length_14472_cov_38.168759,0.9697,0.0022802653399668325,5.484836492541945e-06,overlap regions: 
other,NODE_279_length_12806_cov_40.688024,0.83541,0.35014836795252224,0.7249370217323303,overlap regions: 
other,NODE_343_length_11654_cov_8.129149,0.7720999999999999,0.13780676162690922,1.3838263157595065e-06,overlap regions: 9887-10715 9130-9886 
other,NODE_364_length_11373_cov_7.795900,0.94872,0.0034291743603270903,0.0002790994185488671,overlap regions: 
other,NODE_11900_length_1977_cov_23.368366,0.87302,0.03186646433990895,0.9988873600959778,overlap regions: 829-890 
other,NODE_639_length_8765_cov_8.446154,0.77103,0.02441528807758129,0.062311962246894836,overlap regions: 6061-6072 5863-6060 
other,NODE_10091_length_2135_cov_7.378365,0.86614,0.059484777517564404,0.046100225299596786,overlap regions: 
other,NODE_861_length_7603_cov_39.628908,1.0,0.003945810864132579,0.378053218126297,overlap regions: 
other,NODE_862_length_7596_cov_9.513327,0.7565500000000001,0.03515007898894155,0.0011437464272603393,overlap regions: 
other,NODE_870_length_7561_cov_7.194644,0.97143,0.004629017325750562,0.007243790663778782,overlap regions: 
other,NODE_1007_length_6957_cov_32.573312,0.7106600000000001,0.4421446025585741,0.18081159889698029,overlap regions: 
other,NODE_1024_length_6903_cov_37.161361,0.87547,0.11632623497030277,0.9992489218711853,overlap regions: 2730-3073 2326-2729 
other,NODE_1204_length_6386_cov_36.880746,1.0,0.0057939242092076414,0.0001053894666256383,overlap regions: 
other,NODE_1253_length_6276_cov_37.743932,0.7398,0.11328871892925431,0.0001630316546652466,overlap regions: 4848-5552 
other,NODE_1880_length_4976_cov_20.638691,0.78125,0.08360128617363344,0.08883152157068253,overlap regions: 
other,NODE_31338_length_1264_cov_5.200165,0.9772700000000001,0.03481012658227848,0.09532126784324646,overlap regions: 
other,NODE_2595_length_4189_cov_17.232946,0.76672,0.13917402721413225,0.0013159052468836308,overlap regions: 
other,NODE_24964_length_1406_cov_30.105848,0.77637,0.16856330014224752,0.020749108865857124,overlap regions: 607-709 480-606 
other,NODE_50868_length_1010_cov_374.593717,0.85941,1.0,0.8951488137245178,overlap regions: 705-1004 0-704 
other,NODE_4229_length_3235_cov_39.039937,0.925,0.012364760432766615,0.0005078386166132987,overlap regions: 
other,NODE_33951_length_1217_cov_3.580895,0.79762,0.06902218570254724,0.0015480902511626482,overlap regions: 
other,NODE_13318_length_1876_cov_4.365733,0.90385,0.02771855010660981,0.6783785223960876,overlap regions: 
other,NODE_7879_length_2401_cov_4.611253,0.94872,0.01624323198667222,0.0046645114198327065,overlap regions: 
other,NODE_47966_length_1039_cov_2.606707,0.73383,0.6400384985563041,0.19563814997673035,overlap regions: 
other,NODE_12286_length_1949_cov_6.393875,0.97059,0.017444843509492047,0.0650060623884201,overlap regions: 
other,NODE_326_length_11960_cov_6.426795,0.7393899999999999,0.08469899665551839,-1,overlap regions: 8308-8678 7698-8307 
other,NODE_371_length_11302_cov_37.260425,0.72513,0.1351973102105822,-1,overlap regions: 
other,NODE_50841_length_1011_cov_2.054393,0.83333,0.10089020771513353,-1,overlap regions: 
other,NODE_25522_length_1392_cov_1.759910,0.80958,0.5998563218390804,-1,overlap regions: 211-1039 
other,NODE_808_length_7779_cov_6.223589,0.91176,0.008741483481167244,-1,overlap regions: 1228-1295 
other,NODE_15267_length_1762_cov_3.043937,0.73861,0.2366628830874007,-1,overlap regions: 905-1301 
other,NODE_1123_length_6572_cov_8.682676,0.78295,0.19278758368837492,-1,overlap regions: 2293-3549 
other,NODE_13042_length_1895_cov_27.403804,0.73383,0.2854881266490765,-1,overlap regions: 
other,NODE_12734_length_1916_cov_8.926921,0.80952,0.0767223382045929,-1,overlap regions: 397-542 
other,NODE_18359_length_1621_cov_37.584930,0.93182,0.027143738433066007,-1,overlap regions: 
other,NODE_1558_length_5530_cov_35.148311,1.0,0.005786618444846293,-1,overlap regions: 
other,NODE_1711_length_5226_cov_5.330884,0.78641,0.019709146574818218,-1,overlap regions: 3849-3951 
other,NODE_1713_length_5224_cov_7.080867,0.70811,0.0708269525267994,-1,overlap regions: 3221-3580 
other,NODE_28399_length_1323_cov_2.985016,0.81061,0.09977324263038549,-1,overlap regions: 
other,NODE_1918_length_4927_cov_6.377053,0.82895,0.01542520803734524,-1,overlap regions: 
other,NODE_22870_length_1466_cov_26.914245,1.0,0.02455661664392906,-1,overlap regions: 0-35 
other,NODE_2012_length_4812_cov_4.290309,0.7427800000000001,0.15835411471321695,-1,overlap regions: 2659-3404 
other,NODE_40067_length_1128_cov_1.750233,1.0,0.026595744680851064,-1,overlap regions: 
other,NODE_28520_length_1320_cov_4.293281,0.84694,0.07424242424242425,-1,overlap regions: 708-805 
other,NODE_18531_length_1615_cov_3.039103,0.77327,0.5188854489164086,-1,overlap regions: 
other,NODE_43122_length_1090_cov_2.643478,0.84211,0.05229357798165138,-1,overlap regions: 
other,NODE_4196_length_3250_cov_3.896714,1.0,0.009230769230769232,-1,overlap regions: 
other,NODE_40880_length_1117_cov_4.843691,0.94949,0.17726051924798567,-1,overlap regions: 
other,NODE_5248_length_2904_cov_10.060372,0.75,0.06198347107438017,-1,overlap regions: 
other,NODE_11202_length_2031_cov_8.888664,0.79911,0.11029049729197439,-1,overlap regions: 
other,NODE_5492_length_2842_cov_7.362038,0.74747,0.06966924700914849,-1,overlap regions: 1180-1370 
other,NODE_5508_length_2839_cov_4.253951,1.0,0.010214864388869321,-1,overlap regions: 
other,NODE_44471_length_1075_cov_2.382353,0.7929,0.1572093023255814,-1,overlap regions: 401-567 
other,NODE_47740_length_1041_cov_3.180527,0.9058799999999999,0.08165225744476465,-1,overlap regions: 277-361 
other,NODE_8069_length_2377_cov_38.734711,1.0,0.011779554059739168,-1,overlap regions: 
other,NODE_8444_length_2326_cov_5.742404,0.72423,0.16680997420464316,-1,overlap regions: 1029-1402 
other,NODE_8837_length_2275_cov_6.386937,0.88,0.03296703296703297,-1,overlap regions: 2198-2272 
other,NODE_9347_length_2213_cov_3.483781,0.73651,0.14234071396294623,-1,overlap regions: 
